Fitness,FitnessAddict,#GymLife,GymTime
tarynekperigin4,goonie_ryan,alohaitskels,undeniable20
cathy_said,GetchaBodyright,reacker,reacker
AvDpciufQQVIBFB,Twisted_spinner,The_BodySmith,CabiGamer
JRXfitness,shanachampagn11,Leslie003618,LeighWhite82
ciscorey,DefDomains,andreabmusic1,DreampixSxm
melodeesander20,FITtecBoulderCo,McCantsCheese,carolina_square
IRT_fitness,FITtecEMS,Fitness_JRF,NorthRidge_Fit
48iVo72O5R2TZZ5,wJTj28BffMicm3f,AeromicMics,e_Savagery
boysyampsb,anjarod53407572,QuentinC0,collegehealth5
eddiemoll4,GreenTheoryLLC,KTMARIIEFIT,WarmUpCoffee
reacker,SpecializedMIA,xdemisengers,cleberfitlife
savonwater,edmondcrossfit,GetFitFitnessAU,RisingVille
anderaroberto11,fitonomic,jonknisley012,MackTheTrainer
CFPellCity,steviesfameni5,88Wrestling,dualinnovation
The_BodySmith,eatreprepeat,DavidShelton189,Iherb__MNK687
EKHO416,body20_brooklyn,aeppig17,eaQueenMother
joshvitz,Bevishalsingh,gayatrisharma25,SyedJunaidUlHaq
AriSimangan,Myogenlabs,fit_martyn,carmonal0871
cileno_caron,meganlyfit,TOTAL_FITNESSCO,N_ElementsDXB
corkageonline,p38fFG4uxUpc7yX,FITNESSHENRY1,wisehealthyfit
Ev1Every1,MackTheTrainer,fatherhoodislit,_Coupon_Iherb_
RenaeRashod,mrgeorgeyporgey,BizzPc,Zzabardast
SurfsetNYC,johnsieknaub3,BurnAlong,fe9b0IB4thcnWOm
NielsenaSport,SilvaNevindu,shenanicats22,emeline81574947
HelmsStacey,ACarrillo_1101,NoClvrNickname,V5pjELwBdCAFwWd
FireShare43,N_ElementsDXB,NorthRidge_Fit,fugBVpUBJV076Le
bwfitness1,herminabingman2,SpecializedMIA,bHiDc6RDwtflMLf
andreabmusic1,vivalindstrom6,BloodSweatGainz,l5i2V6xlM4L0Bmo
xpt_adelaide,akash_allgood,margosteendam3,UBnd90jq8J4Up7o
jvZI5lfKhflJdNF,sport4plus,domingagirard8,etjIruy7oi254uU
wisehealthyfit,wisehealthyfit,symptomaticsumo,HVJzYYmZQxpeaBM
visionmagick,MetabolisticLab,lavernemorelli1,LWopxIumpFrQZJp
RachelCoxElite,selmamicieli2,pamulanygaards6,q9n7oxa6JjdwLuT
SaritaBearOffic,lourdesahmed1,soomorley4,lashell04350939
abbiebo34914983,mjagdeepkaushal,madgehepworth1,uMkrCcHN4wrkmGY
GetFit_ldn,BDP2017,jacquelineduc20,6N6Mlklzbp4NxSh
kristia60395611,itsmariamaria1,eun53035617,bXZbJpOn8jKfgq6
Earthspr,_Coupon_Iherb_,angelab03756201,OZQB1ohiJtbi288
ThatTirena,tiffaniharbuck1,alphareinsons6,1NbTuNcLB9FxYbK
MyNutriture,ThinkHealthyFit,stephanimitogl9,cIoiKhNpYYo2KNY
BurritoLizz,valrieward19,laurenemccool2,jPgyZAXSoaFTr5J
marisameleca,dairymuscle,cecilJeanpierr4,s9fSspvuyqkrhCw
hub_925,2m2mm2000,qianasprenger4,8aDe5znsqMYedsv
iamdeso,LeeRossmassage,deonscoggin8,e0ZCisPiV9FbXYW
pittman70,theresepaulson4,macartney773,HBkvA0GA3gA06BW
SavageFitLife1,HybridAF_247,tierakuehn5,QE7u3cY0MBRRiYn
baraniSalman,HrdHstl,lilliekaeser2,niqhzpelRn0IV3H
earixsonk,gertrudishopp2,GetFitCritics,UNJOUR77209329
Okto2003,antoine85586963,godeau_gary,IN5BnGmiofBj6Zc
christinesidh11,InkedRedheadx,xonnviro,ileen09808750
youngstud123456,suellenphipps4,antoniostancil5,3uKD21NCMUkVVRK
GetchaBodyright,DeanAgnew,JediJody79,nz5LNIH8UlJo4gi
brit_phit,Fitkryssy,hscnvmpfbfb,xcwjptrn
,guadalu18335260,tierralong15,90YPJ0nGLgDFshG
,physiquephotog,loriannkeegan4,WnVLe55Dr3t6NVa
,lolatthebarre,Ko_Fit,ffaJSgFTaT8xKY8
,SarahsFitness93,guadalu18179528,bph9OjhVlAuJwOU
,Prathik_SM,deidrahowe10,gRkNHCDJTgHzDam
,CongressHotel4,kinsey_cordia,hweVq3F1neuyiYy
,shreddedfit3145,carolakim14,vjdrO2mRhIISRcs
,ayumason,virgenme5,maganmazza2
,HotFitFast,valerie88129002,CL79CGdwSxyVBaU
,Aarti851999,bvcdhoay,hfspfZREWq6B2mL
,troyintahoe,marcellehall4,sandrasale11
,mairemarshall14,thomasinefeli16,KVOjcn8r01YXVB4
,,corrinagreenbe7,pmFOCd0pd6xiDS3
,,lizzettelorch5,0fJZg52KJPjeLg8
,,pamelam10731449,aDxvmzitFXWpkNz
,,cammieschwartz8,cE69hzdlLmzeyu1
,,crystalpenry3,69Ylb45p2O6jPMJ
,,lillybearsmom,2Pxt9OZK6PhnAtJ
,,sharanKingjr7,yqJpHCwfrilRqXh
,,streiff1456,dqbmckxnb
,,brunasanders12,sofiaredfern2
,,berneiceconboy4,mariluchrist2
,,uwylpblpl1485,takako_morabito
,,olympiatownsen3,charamorgan17
,,melodikreifel4,devon82050164
,,jennawaggoner8,lorrigalloway13
,,megganlawton1,margarettavane9
,,watts2248,darleenscotacc7
,,evalynholz6,lilliamlavoie1
,,lissa_birebent,tonishakanahel3
,,AtTheBeach18,heidybagy6
,,lanitaparment10,cuc92865692
,,tierra_franzese,sona7804bw
,,DydoDiem,desimon_carmina
,,mitchelllenz6,kOrkZh4lBXgRfri
,,margariteroble9,vivacurry16
,,cotton2783,tandraduy3
,,zeusathletic,laurine_qualls
,,JunaidMohd12,lakeshiadolatr3
,,iamsammy22,rozannewenderw9
,,physiquephotog,edithbergeron15
,,SlimGymsNS,rosemaryaspac11
,,LeadingLeggings,gorlin2428
,,Harish_always,dairymuscle
,,Revive40692413,RescueOp1
,,BaileySteel2,RippedVixenfan
,,BoxxprepN,stefanwinfel
,,MackTheTrainer,vshounslow
,,NickFitness90,s4nk3tp
,,PeterChester15,CoryNystedt
,,A_HealthierMike,FabioDu50889393
,,Willvorine_Gym,BoomBoardFitnes
,,Iherb__MNK687,BeareClothing
,,SilvaNevindu,rosesputaka
,,eaQueenMother,thegymlion
,,TherealShelean,DWSDave31
,,atkinsjeremyd,maliksinspire
,,SyedJunaidUlHaq,DerekMadrigal
,,luckyam88,sharmzonkitchen
,,shapingup4me,R5Training
,,Bee_Lily19,juansan23104289
,,N_ElementsDXB,thechasterblog
,,ryan_andrew_17,
,,ttsrteam,
,,iamrhodesy,
,,BodychangeAU,
,,Aaron_Robert_,
,,QueenRuby0696,
,,sn_premium,
,,showtimeboxfit,
,,VonnyViews,
,,wisehealthyfit,
,,fuzion100sa,
,,Violeet__,
,,cake_iron,
,,undeniable20,
,,,
,,,
,,,