,Hashtag,User
0,#justdoit,manumatias2318
1,#justdoit,MrNinthInning
2,#justdoit,amanndlm
3,#justdoit,karenforniaroll
4,#justdoit,YvonneBulpitt
5,#justdoit,MPPUNIMAP_1718
6,#justdoit,sundayportraits
7,#justdoit,CSKMktg
8,#justdoit,ydylleacosta
9,#justdoit,annieaxhood
10,#justdoit,_erikacunanan
11,#justdoit,alvaro_cnp
12,#justdoit,nitzy_rp
13,#justdoit,goldsgymec
14,#justdoit,lauraengelmann
15,#justdoit,manumatias2318
16,#justdoit,MrNinthInning
17,#justdoit,amanndlm
18,#justdoit,karenforniaroll
19,#justdoit,YvonneBulpitt
20,#justdoit,MPPUNIMAP_1718
21,#justdoit,sundayportraits
22,#justdoit,CSKMktg
23,#justdoit,ydylleacosta
24,#justdoit,annieaxhood
25,#justdoit,_erikacunanan
26,#justdoit,alvaro_cnp
27,#justdoit,nitzy_rp
28,#justdoit,goldsgymec
29,#justdoit,lauraengelmann
30,#justdoit,manumatias2318
31,#justdoit,MrNinthInning
32,#justdoit,amanndlm
33,#justdoit,karenforniaroll
34,#justdoit,YvonneBulpitt
35,#justdoit,MPPUNIMAP_1718
36,#justdoit,sundayportraits
37,#justdoit,CSKMktg
38,#justdoit,ydylleacosta
39,#justdoit,annieaxhood
40,#justdoit,_erikacunanan
41,#justdoit,alvaro_cnp
42,#justdoit,nitzy_rp
43,#justdoit,goldsgymec
44,#justdoit,lauraengelmann
45,#justdoit,manumatias2318
46,#justdoit,MrNinthInning
47,#justdoit,amanndlm
48,#justdoit,karenforniaroll
49,#justdoit,YvonneBulpitt
50,#justdoit,MPPUNIMAP_1718
51,#justdoit,sundayportraits
52,#justdoit,CSKMktg
53,#justdoit,ydylleacosta
54,#justdoit,annieaxhood
55,#justdoit,_erikacunanan
56,#justdoit,alvaro_cnp
57,#justdoit,nitzy_rp
58,#justdoit,goldsgymec
59,#justdoit,lauraengelmann
60,#justdoit,manumatias2318
61,#justdoit,MrNinthInning
62,#justdoit,amanndlm
63,#justdoit,karenforniaroll
64,#justdoit,YvonneBulpitt
65,#justdoit,MPPUNIMAP_1718
66,#justdoit,sundayportraits
67,#justdoit,CSKMktg
68,#justdoit,ydylleacosta
69,#justdoit,annieaxhood
70,#justdoit,_erikacunanan
71,#justdoit,alvaro_cnp
72,#justdoit,nitzy_rp
73,#justdoit,goldsgymec
74,#justdoit,lauraengelmann
75,#justdoit,MrNinthInning
76,#justdoit,yU2lVO98nmGgP5J
77,#justdoit,SmokersMatch
78,#justdoit,robertsbazzo
79,#justdoit,accmobility
80,#justdoit,FightNightVoice
81,#justdoit,DJEPPS
82,#justdoit,FBBCBurbank
83,#justdoit,Maniac_Moot
84,#justdoit,ChaunceyMiller
85,#justdoit,accmobility
86,#justdoit,Sabiesque
87,#justdoit,AthleteElitecom
88,#justdoit,Milliesstory
89,#justdoit,Russell_Writer
90,#justdoit,MrNinthInning
91,#justdoit,yU2lVO98nmGgP5J
92,#justdoit,SmokersMatch
93,#justdoit,robertsbazzo
94,#justdoit,accmobility
95,#justdoit,FightNightVoice
96,#justdoit,DJEPPS
97,#justdoit,FBBCBurbank
98,#justdoit,Maniac_Moot
99,#justdoit,ChaunceyMiller
100,#justdoit,accmobility
101,#justdoit,Sabiesque
102,#justdoit,AthleteElitecom
103,#justdoit,Milliesstory
104,#justdoit,Russell_Writer
105,#justdoit,MrNinthInning
106,#justdoit,yU2lVO98nmGgP5J
107,#justdoit,SmokersMatch
108,#justdoit,robertsbazzo
109,#justdoit,accmobility
110,#justdoit,FightNightVoice
111,#justdoit,DJEPPS
112,#justdoit,FBBCBurbank
113,#justdoit,Maniac_Moot
114,#justdoit,ChaunceyMiller
115,#justdoit,accmobility
116,#justdoit,Sabiesque
117,#justdoit,AthleteElitecom
118,#justdoit,Milliesstory
119,#justdoit,Russell_Writer
120,#justdoit,MrNinthInning
121,#justdoit,yU2lVO98nmGgP5J
122,#justdoit,SmokersMatch
123,#justdoit,robertsbazzo
124,#justdoit,accmobility
125,#justdoit,FightNightVoice
126,#justdoit,DJEPPS
127,#justdoit,FBBCBurbank
128,#justdoit,Maniac_Moot
129,#justdoit,ChaunceyMiller
130,#justdoit,accmobility
131,#justdoit,Sabiesque
132,#justdoit,AthleteElitecom
133,#justdoit,Milliesstory
134,#justdoit,Russell_Writer
135,#justdoit,MrNinthInning
136,#justdoit,yU2lVO98nmGgP5J
137,#justdoit,SmokersMatch
138,#justdoit,robertsbazzo
139,#justdoit,accmobility
140,#justdoit,FightNightVoice
141,#justdoit,DJEPPS
142,#justdoit,FBBCBurbank
143,#justdoit,Maniac_Moot
144,#justdoit,ChaunceyMiller
145,#justdoit,accmobility
146,#justdoit,Sabiesque
147,#justdoit,AthleteElitecom
148,#justdoit,Milliesstory
149,#justdoit,Russell_Writer
150,#justdoit,Amelita7020
151,#justdoit,CosmicRay55
152,#justdoit,bikelifedotch
153,#justdoit,UnaiYus
154,#justdoit,fbarral
155,#justdoit,BaanaCounter
156,#justdoit,Mavisanncruet
157,#justdoit,stephbris7
158,#justdoit,hblsrinu
159,#justdoit,bikelifedotch
160,#justdoit,CallumSkinner
161,#justdoit,GoSportsFuel
162,#justdoit,JPHHenneton
163,#justdoit,TimberlineHnB
164,#justdoit,ELPakin
165,#justdoit,Amelita7020
166,#justdoit,CosmicRay55
167,#justdoit,bikelifedotch
168,#justdoit,UnaiYus
169,#justdoit,fbarral
170,#justdoit,BaanaCounter
171,#justdoit,Mavisanncruet
172,#justdoit,stephbris7
173,#justdoit,hblsrinu
174,#justdoit,bikelifedotch
175,#justdoit,CallumSkinner
176,#justdoit,GoSportsFuel
177,#justdoit,JPHHenneton
178,#justdoit,TimberlineHnB
179,#justdoit,ELPakin
180,#justdoit,Amelita7020
181,#justdoit,CosmicRay55
182,#justdoit,bikelifedotch
183,#justdoit,UnaiYus
184,#justdoit,fbarral
185,#justdoit,BaanaCounter
186,#justdoit,Mavisanncruet
187,#justdoit,stephbris7
188,#justdoit,hblsrinu
189,#justdoit,bikelifedotch
190,#justdoit,CallumSkinner
191,#justdoit,GoSportsFuel
192,#justdoit,JPHHenneton
193,#justdoit,TimberlineHnB
194,#justdoit,ELPakin
195,#justdoit,Amelita7020
196,#justdoit,CosmicRay55
197,#justdoit,bikelifedotch
198,#justdoit,UnaiYus
199,#justdoit,fbarral
200,#justdoit,BaanaCounter
201,#justdoit,Mavisanncruet
202,#justdoit,stephbris7
203,#justdoit,hblsrinu
204,#justdoit,bikelifedotch
205,#justdoit,CallumSkinner
206,#justdoit,GoSportsFuel
207,#justdoit,JPHHenneton
208,#justdoit,TimberlineHnB
209,#justdoit,ELPakin
210,#justdoit,Amelita7020
211,#justdoit,CosmicRay55
212,#justdoit,bikelifedotch
213,#justdoit,UnaiYus
214,#justdoit,fbarral
215,#justdoit,BaanaCounter
216,#justdoit,Mavisanncruet
217,#justdoit,stephbris7
218,#justdoit,hblsrinu
219,#justdoit,bikelifedotch
220,#justdoit,CallumSkinner
221,#justdoit,GoSportsFuel
222,#justdoit,JPHHenneton
223,#justdoit,TimberlineHnB
224,#justdoit,ELPakin
225,#justdoit,k2tog_ssk
226,#justdoit,Rharvley
227,#justdoit,christinesidh11
228,#justdoit,sin_to_sin
229,#justdoit,josevallejo8
230,#justdoit,GetchaBodyright
231,#justdoit,GetchaBodyright
232,#justdoit,GetFitNLean
233,#justdoit,chargephilly
234,#justdoit,makingthebest09
235,#justdoit,joanreece
236,#justdoit,EmmaGetsocial
237,#justdoit,personalfitnes3
238,#justdoit,Stephencgill
239,#justdoit,fitfixins
240,#justdoit,k2tog_ssk
241,#justdoit,Rharvley
242,#justdoit,christinesidh11
243,#justdoit,sin_to_sin
244,#justdoit,josevallejo8
245,#justdoit,GetchaBodyright
246,#justdoit,GetchaBodyright
247,#justdoit,GetFitNLean
248,#justdoit,chargephilly
249,#justdoit,makingthebest09
250,#justdoit,joanreece
251,#justdoit,EmmaGetsocial
252,#justdoit,personalfitnes3
253,#justdoit,Stephencgill
254,#justdoit,fitfixins
255,#justdoit,k2tog_ssk
256,#justdoit,Rharvley
257,#justdoit,christinesidh11
258,#justdoit,sin_to_sin
259,#justdoit,josevallejo8
260,#justdoit,GetchaBodyright
261,#justdoit,GetchaBodyright
262,#justdoit,GetFitNLean
263,#justdoit,chargephilly
264,#justdoit,makingthebest09
265,#justdoit,joanreece
266,#justdoit,EmmaGetsocial
267,#justdoit,personalfitnes3
268,#justdoit,Stephencgill
269,#justdoit,fitfixins
270,#justdoit,k2tog_ssk
271,#justdoit,Rharvley
272,#justdoit,christinesidh11
273,#justdoit,sin_to_sin
274,#justdoit,josevallejo8
275,#justdoit,GetchaBodyright
276,#justdoit,GetchaBodyright
277,#justdoit,GetFitNLean
278,#justdoit,chargephilly
279,#justdoit,makingthebest09
280,#justdoit,joanreece
281,#justdoit,EmmaGetsocial
282,#justdoit,personalfitnes3
283,#justdoit,Stephencgill
284,#justdoit,fitfixins
285,#justdoit,k2tog_ssk
286,#justdoit,Rharvley
287,#justdoit,christinesidh11
288,#justdoit,sin_to_sin
289,#justdoit,josevallejo8
290,#justdoit,GetchaBodyright
291,#justdoit,GetchaBodyright
292,#justdoit,GetFitNLean
293,#justdoit,chargephilly
294,#justdoit,makingthebest09
295,#justdoit,joanreece
296,#justdoit,EmmaGetsocial
297,#justdoit,personalfitnes3
298,#justdoit,Stephencgill
299,#justdoit,fitfixins
300,#justdoit,ActionsSpeak716
301,#justdoit,JensFreshStart
302,#justdoit,julienowell
303,#justdoit,GetchaBodyright
304,#justdoit,GetchaBodyright
305,#justdoit,caitlinchander
306,#justdoit,crazy4plants
307,#justdoit,HolisticMerlina
308,#justdoit,Russell_Writer
309,#justdoit,strikeandroll
310,#justdoit,MakeupDealzz
311,#justdoit,PhotogLesCordov
312,#justdoit,ActionsSpeak716
313,#justdoit,JensFreshStart
314,#justdoit,julienowell
315,#justdoit,GetchaBodyright
316,#justdoit,GetchaBodyright
317,#justdoit,caitlinchander
318,#justdoit,crazy4plants
319,#justdoit,HolisticMerlina
320,#justdoit,Russell_Writer
321,#justdoit,strikeandroll
322,#justdoit,MakeupDealzz
323,#justdoit,PhotogLesCordov
324,#justdoit,ActionsSpeak716
325,#justdoit,JensFreshStart
326,#justdoit,julienowell
327,#justdoit,GetchaBodyright
328,#justdoit,GetchaBodyright
329,#justdoit,caitlinchander
330,#justdoit,crazy4plants
331,#justdoit,HolisticMerlina
332,#justdoit,Russell_Writer
333,#justdoit,strikeandroll
334,#justdoit,MakeupDealzz
335,#justdoit,PhotogLesCordov
336,#justdoit,ActionsSpeak716
337,#justdoit,JensFreshStart
338,#justdoit,julienowell
339,#justdoit,GetchaBodyright
340,#justdoit,GetchaBodyright
341,#justdoit,caitlinchander
342,#justdoit,crazy4plants
343,#justdoit,HolisticMerlina
344,#justdoit,Russell_Writer
345,#justdoit,strikeandroll
346,#justdoit,MakeupDealzz
347,#justdoit,PhotogLesCordov
348,#justdoit,ActionsSpeak716
349,#justdoit,JensFreshStart
350,#justdoit,julienowell
351,#justdoit,GetchaBodyright
352,#justdoit,GetchaBodyright
353,#justdoit,caitlinchander
354,#justdoit,crazy4plants
355,#justdoit,HolisticMerlina
356,#justdoit,Russell_Writer
357,#justdoit,strikeandroll
358,#justdoit,MakeupDealzz
359,#justdoit,PhotogLesCordov
360,#justdoit,AlcovyFitWell
361,#justdoit,SexyPleasurez
362,#justdoit,ClayreClayre4
363,#justdoit,HotBodiedSnaps
364,#justdoit,indiedevsunite
365,#justdoit,amy_goodson_rd
366,#justdoit,HealthStyLifee
367,#justdoit,healthtrendds
368,#justdoit,stayfitbefitt
369,#justdoit,RamoneRicardo
370,#justdoit,healthfitnessb4
371,#justdoit,healthyyfi
372,#justdoit,birdwriter7
373,#justdoit,AlcovyFitWell
374,#justdoit,SexyPleasurez
375,#justdoit,ClayreClayre4
376,#justdoit,HotBodiedSnaps
377,#justdoit,indiedevsunite
378,#justdoit,amy_goodson_rd
379,#justdoit,HealthStyLifee
380,#justdoit,healthtrendds
381,#justdoit,stayfitbefitt
382,#justdoit,RamoneRicardo
383,#justdoit,healthfitnessb4
384,#justdoit,healthyyfi
385,#justdoit,birdwriter7
386,#justdoit,AlcovyFitWell
387,#justdoit,SexyPleasurez
388,#justdoit,ClayreClayre4
389,#justdoit,HotBodiedSnaps
390,#justdoit,indiedevsunite
391,#justdoit,amy_goodson_rd
392,#justdoit,HealthStyLifee
393,#justdoit,healthtrendds
394,#justdoit,stayfitbefitt
395,#justdoit,RamoneRicardo
396,#justdoit,healthfitnessb4
397,#justdoit,healthyyfi
398,#justdoit,birdwriter7
399,#justdoit,AlcovyFitWell
400,#justdoit,SexyPleasurez
401,#justdoit,ClayreClayre4
402,#justdoit,HotBodiedSnaps
403,#justdoit,indiedevsunite
404,#justdoit,amy_goodson_rd
405,#justdoit,HealthStyLifee
406,#justdoit,healthtrendds
407,#justdoit,stayfitbefitt
408,#justdoit,RamoneRicardo
409,#justdoit,healthfitnessb4
410,#justdoit,healthyyfi
411,#justdoit,birdwriter7
412,#justdoit,AlcovyFitWell
413,#justdoit,SexyPleasurez
414,#justdoit,ClayreClayre4
415,#justdoit,HotBodiedSnaps
416,#justdoit,indiedevsunite
417,#justdoit,amy_goodson_rd
418,#justdoit,HealthStyLifee
419,#justdoit,healthtrendds
420,#justdoit,stayfitbefitt
421,#justdoit,RamoneRicardo
422,#justdoit,healthfitnessb4
423,#justdoit,healthyyfi
424,#justdoit,birdwriter7
425,#justdoit,josevallejo8
426,#justdoit,GetchaBodyright
427,#justdoit,GetchaBodyright
428,#justdoit,buildmuscletday
429,#justdoit,BrockOnCam
430,#justdoit,HolisticMerlina
431,#justdoit,colleymarley91
432,#justdoit,AthleteElitecom
433,#justdoit,colleymarley91
434,#justdoit,nutrition_easy
435,#justdoit,swaGGerscan
436,#justdoit,Twisted_spinner
437,#justdoit,a_magnum_opus1
438,#justdoit,_MachineFitness
439,#justdoit,josevallejo8
440,#justdoit,GetchaBodyright
441,#justdoit,GetchaBodyright
442,#justdoit,buildmuscletday
443,#justdoit,BrockOnCam
444,#justdoit,HolisticMerlina
445,#justdoit,colleymarley91
446,#justdoit,AthleteElitecom
447,#justdoit,colleymarley91
448,#justdoit,nutrition_easy
449,#justdoit,swaGGerscan
450,#justdoit,Twisted_spinner
451,#justdoit,a_magnum_opus1
452,#justdoit,_MachineFitness
453,#justdoit,josevallejo8
454,#justdoit,GetchaBodyright
455,#justdoit,GetchaBodyright
456,#justdoit,buildmuscletday
457,#justdoit,BrockOnCam
458,#justdoit,HolisticMerlina
459,#justdoit,colleymarley91
460,#justdoit,AthleteElitecom
461,#justdoit,colleymarley91
462,#justdoit,nutrition_easy
463,#justdoit,swaGGerscan
464,#justdoit,Twisted_spinner
465,#justdoit,a_magnum_opus1
466,#justdoit,_MachineFitness
467,#justdoit,josevallejo8
468,#justdoit,GetchaBodyright
469,#justdoit,GetchaBodyright
470,#justdoit,buildmuscletday
471,#justdoit,BrockOnCam
472,#justdoit,HolisticMerlina
473,#justdoit,colleymarley91
474,#justdoit,AthleteElitecom
475,#justdoit,colleymarley91
476,#justdoit,nutrition_easy
477,#justdoit,swaGGerscan
478,#justdoit,Twisted_spinner
479,#justdoit,a_magnum_opus1
480,#justdoit,_MachineFitness
481,#justdoit,josevallejo8
482,#justdoit,GetchaBodyright
483,#justdoit,GetchaBodyright
484,#justdoit,buildmuscletday
485,#justdoit,BrockOnCam
486,#justdoit,HolisticMerlina
487,#justdoit,colleymarley91
488,#justdoit,AthleteElitecom
489,#justdoit,colleymarley91
490,#justdoit,nutrition_easy
491,#justdoit,swaGGerscan
492,#justdoit,Twisted_spinner
493,#justdoit,a_magnum_opus1
494,#justdoit,_MachineFitness
495,#justdoit,ASTSportScience
496,#justdoit,sin_to_sin
497,#justdoit,AlexRobles917
498,#justdoit,carolhappyconda
499,#justdoit,bighercsgirl
500,#justdoit,StephenRamos101
501,#justdoit,rudedogreyes
502,#justdoit,Jessicasquared9
503,#justdoit,Jessicasquared9
504,#justdoit,GalvanicSpaII
505,#justdoit,itsPB7
506,#justdoit,buildmuscletday
507,#justdoit,CNPPerformance
508,#justdoit,SuperSuplemArg
509,#justdoit,GALVAFIT
510,#justdoit,ASTSportScience
511,#justdoit,sin_to_sin
512,#justdoit,AlexRobles917
513,#justdoit,carolhappyconda
514,#justdoit,bighercsgirl
515,#justdoit,StephenRamos101
516,#justdoit,rudedogreyes
517,#justdoit,Jessicasquared9
518,#justdoit,Jessicasquared9
519,#justdoit,GalvanicSpaII
520,#justdoit,itsPB7
521,#justdoit,buildmuscletday
522,#justdoit,CNPPerformance
523,#justdoit,SuperSuplemArg
524,#justdoit,GALVAFIT
525,#justdoit,ASTSportScience
526,#justdoit,sin_to_sin
527,#justdoit,AlexRobles917
528,#justdoit,carolhappyconda
529,#justdoit,bighercsgirl
530,#justdoit,StephenRamos101
531,#justdoit,rudedogreyes
532,#justdoit,Jessicasquared9
533,#justdoit,Jessicasquared9
534,#justdoit,GalvanicSpaII
535,#justdoit,itsPB7
536,#justdoit,buildmuscletday
537,#justdoit,CNPPerformance
538,#justdoit,SuperSuplemArg
539,#justdoit,GALVAFIT
540,#justdoit,ASTSportScience
541,#justdoit,sin_to_sin
542,#justdoit,AlexRobles917
543,#justdoit,carolhappyconda
544,#justdoit,bighercsgirl
545,#justdoit,StephenRamos101
546,#justdoit,rudedogreyes
547,#justdoit,Jessicasquared9
548,#justdoit,Jessicasquared9
549,#justdoit,GalvanicSpaII
550,#justdoit,itsPB7
551,#justdoit,buildmuscletday
552,#justdoit,CNPPerformance
553,#justdoit,SuperSuplemArg
554,#justdoit,GALVAFIT
555,#justdoit,ASTSportScience
556,#justdoit,sin_to_sin
557,#justdoit,AlexRobles917
558,#justdoit,carolhappyconda
559,#justdoit,bighercsgirl
560,#justdoit,StephenRamos101
561,#justdoit,rudedogreyes
562,#justdoit,Jessicasquared9
563,#justdoit,Jessicasquared9
564,#justdoit,GalvanicSpaII
565,#justdoit,itsPB7
566,#justdoit,buildmuscletday
567,#justdoit,CNPPerformance
568,#justdoit,SuperSuplemArg
569,#justdoit,GALVAFIT
570,#justdoit,dessert_jessica
571,#justdoit,Isa_Veel
572,#justdoit,Sumifoix
573,#justdoit,SuperSuplemArg
574,#justdoit,SculptingMuscle
575,#justdoit,Bill381987
576,#justdoit,Trand_Oficial
577,#justdoit,Trand_Oficial
578,#justdoit,_Muergano
579,#justdoit,TMSblondie
580,#justdoit,saraakatherinee
581,#justdoit,AZBodybuilding
582,#justdoit,SyiCinziaEsBaIn
583,#justdoit,gdiaz585
584,#justdoit,saskmorty306
585,#justdoit,dessert_jessica
586,#justdoit,Isa_Veel
587,#justdoit,Sumifoix
588,#justdoit,SuperSuplemArg
589,#justdoit,SculptingMuscle
590,#justdoit,Bill381987
591,#justdoit,Trand_Oficial
592,#justdoit,Trand_Oficial
593,#justdoit,_Muergano
594,#justdoit,TMSblondie
595,#justdoit,saraakatherinee
596,#justdoit,AZBodybuilding
597,#justdoit,SyiCinziaEsBaIn
598,#justdoit,gdiaz585
599,#justdoit,saskmorty306
600,#justdoit,dessert_jessica
601,#justdoit,Isa_Veel
602,#justdoit,Sumifoix
603,#justdoit,SuperSuplemArg
604,#justdoit,SculptingMuscle
605,#justdoit,Bill381987
606,#justdoit,Trand_Oficial
607,#justdoit,Trand_Oficial
608,#justdoit,_Muergano
609,#justdoit,TMSblondie
610,#justdoit,saraakatherinee
611,#justdoit,AZBodybuilding
612,#justdoit,SyiCinziaEsBaIn
613,#justdoit,gdiaz585
614,#justdoit,saskmorty306
615,#justdoit,dessert_jessica
616,#justdoit,Isa_Veel
617,#justdoit,Sumifoix
618,#justdoit,SuperSuplemArg
619,#justdoit,SculptingMuscle
620,#justdoit,Bill381987
621,#justdoit,Trand_Oficial
622,#justdoit,Trand_Oficial
623,#justdoit,_Muergano
624,#justdoit,TMSblondie
625,#justdoit,saraakatherinee
626,#justdoit,AZBodybuilding
627,#justdoit,SyiCinziaEsBaIn
628,#justdoit,gdiaz585
629,#justdoit,saskmorty306
630,#justdoit,dessert_jessica
631,#justdoit,Isa_Veel
632,#justdoit,Sumifoix
633,#justdoit,SuperSuplemArg
634,#justdoit,SculptingMuscle
635,#justdoit,Bill381987
636,#justdoit,Trand_Oficial
637,#justdoit,Trand_Oficial
638,#justdoit,_Muergano
639,#justdoit,TMSblondie
640,#justdoit,saraakatherinee
641,#justdoit,AZBodybuilding
642,#justdoit,SyiCinziaEsBaIn
643,#justdoit,gdiaz585
644,#justdoit,saskmorty306
645,#justdoit,FusierLaurent
646,#justdoit,ranie_maharief
647,#justdoit,kinkyboytoy
648,#justdoit,itsPB7
649,#justdoit,x973
650,#justdoit,seagard1975
651,#justdoit,SH11NA_WORKS
652,#justdoit,Russell_Writer
653,#justdoit,neta_morphosis
654,#justdoit,pstrbth
655,#justdoit,thomaseco88
656,#justdoit,KazlBitcointalk
657,#justdoit,ilbacio86
658,#justdoit,CocoR3d
659,#justdoit,cryptoabd
660,#justdoit,FusierLaurent
661,#justdoit,ranie_maharief
662,#justdoit,kinkyboytoy
663,#justdoit,itsPB7
664,#justdoit,x973
665,#justdoit,seagard1975
666,#justdoit,SH11NA_WORKS
667,#justdoit,Russell_Writer
668,#justdoit,neta_morphosis
669,#justdoit,pstrbth
670,#justdoit,thomaseco88
671,#justdoit,KazlBitcointalk
672,#justdoit,ilbacio86
673,#justdoit,CocoR3d
674,#justdoit,cryptoabd
675,#justdoit,FusierLaurent
676,#justdoit,ranie_maharief
677,#justdoit,kinkyboytoy
678,#justdoit,itsPB7
679,#justdoit,x973
680,#justdoit,seagard1975
681,#justdoit,SH11NA_WORKS
682,#justdoit,Russell_Writer
683,#justdoit,neta_morphosis
684,#justdoit,pstrbth
685,#justdoit,thomaseco88
686,#justdoit,KazlBitcointalk
687,#justdoit,ilbacio86
688,#justdoit,CocoR3d
689,#justdoit,cryptoabd
690,#justdoit,FusierLaurent
691,#justdoit,ranie_maharief
692,#justdoit,kinkyboytoy
693,#justdoit,itsPB7
694,#justdoit,x973
695,#justdoit,seagard1975
696,#justdoit,SH11NA_WORKS
697,#justdoit,Russell_Writer
698,#justdoit,neta_morphosis
699,#justdoit,pstrbth
700,#justdoit,thomaseco88
701,#justdoit,KazlBitcointalk
702,#justdoit,ilbacio86
703,#justdoit,CocoR3d
704,#justdoit,cryptoabd
705,#justdoit,FusierLaurent
706,#justdoit,ranie_maharief
707,#justdoit,kinkyboytoy
708,#justdoit,itsPB7
709,#justdoit,x973
710,#justdoit,seagard1975
711,#justdoit,SH11NA_WORKS
712,#justdoit,Russell_Writer
713,#justdoit,neta_morphosis
714,#justdoit,pstrbth
715,#justdoit,thomaseco88
716,#justdoit,KazlBitcointalk
717,#justdoit,ilbacio86
718,#justdoit,CocoR3d
719,#justdoit,cryptoabd
720,#justdoit,ClayreClayre4
721,#justdoit,RamoneRicardo
722,#justdoit,Workoutdvdfreak
723,#justdoit,Okto2003
724,#justdoit,DishPatani_FC
725,#justdoit,Bhagwanmotiyani
726,#justdoit,PlexusMama
727,#justdoit,fatlossmusclex
728,#justdoit,mariewong
729,#justdoit,sportinggoodso
730,#justdoit,clarkscondensed
731,#justdoit,AlexRobles917
732,#justdoit,FitnessMagician
733,#justdoit,fritatalover
734,#justdoit,GetLostinAmeric
735,#justdoit,ClayreClayre4
736,#justdoit,RamoneRicardo
737,#justdoit,Workoutdvdfreak
738,#justdoit,Okto2003
739,#justdoit,DishPatani_FC
740,#justdoit,Bhagwanmotiyani
741,#justdoit,PlexusMama
742,#justdoit,fatlossmusclex
743,#justdoit,mariewong
744,#justdoit,sportinggoodso
745,#justdoit,clarkscondensed
746,#justdoit,AlexRobles917
747,#justdoit,FitnessMagician
748,#justdoit,fritatalover
749,#justdoit,GetLostinAmeric
750,#justdoit,ClayreClayre4
751,#justdoit,RamoneRicardo
752,#justdoit,Workoutdvdfreak
753,#justdoit,Okto2003
754,#justdoit,DishPatani_FC
755,#justdoit,Bhagwanmotiyani
756,#justdoit,PlexusMama
757,#justdoit,fatlossmusclex
758,#justdoit,mariewong
759,#justdoit,sportinggoodso
760,#justdoit,clarkscondensed
761,#justdoit,AlexRobles917
762,#justdoit,FitnessMagician
763,#justdoit,fritatalover
764,#justdoit,GetLostinAmeric
765,#justdoit,ClayreClayre4
766,#justdoit,RamoneRicardo
767,#justdoit,Workoutdvdfreak
768,#justdoit,Okto2003
769,#justdoit,DishPatani_FC
770,#justdoit,Bhagwanmotiyani
771,#justdoit,PlexusMama
772,#justdoit,fatlossmusclex
773,#justdoit,mariewong
774,#justdoit,sportinggoodso
775,#justdoit,clarkscondensed
776,#justdoit,AlexRobles917
777,#justdoit,FitnessMagician
778,#justdoit,fritatalover
779,#justdoit,GetLostinAmeric
780,#justdoit,ClayreClayre4
781,#justdoit,RamoneRicardo
782,#justdoit,Workoutdvdfreak
783,#justdoit,Okto2003
784,#justdoit,DishPatani_FC
785,#justdoit,Bhagwanmotiyani
786,#justdoit,PlexusMama
787,#justdoit,fatlossmusclex
788,#justdoit,mariewong
789,#justdoit,sportinggoodso
790,#justdoit,clarkscondensed
791,#justdoit,AlexRobles917
792,#justdoit,FitnessMagician
793,#justdoit,fritatalover
794,#justdoit,GetLostinAmeric
795,#justdoit,running_all1
796,#justdoit,running_all1
797,#justdoit,HenryHoward
798,#justdoit,marathonnewsjp
799,#justdoit,TahitinuiTV
800,#justdoit,running_all1
801,#justdoit,FBBCBurbank
802,#justdoit,BaruchProForum
803,#justdoit,DizRuns
804,#justdoit,neilson_jobs
805,#justdoit,MelanieDelmas
806,#justdoit,Runners_Connect
807,#justdoit,Lucius_Cato
808,#justdoit,ExcellentCouple
809,#justdoit,Worldcuptour
810,#justdoit,running_all1
811,#justdoit,running_all1
812,#justdoit,HenryHoward
813,#justdoit,marathonnewsjp
814,#justdoit,TahitinuiTV
815,#justdoit,running_all1
816,#justdoit,FBBCBurbank
817,#justdoit,BaruchProForum
818,#justdoit,DizRuns
819,#justdoit,neilson_jobs
820,#justdoit,MelanieDelmas
821,#justdoit,Runners_Connect
822,#justdoit,Lucius_Cato
823,#justdoit,ExcellentCouple
824,#justdoit,Worldcuptour
825,#justdoit,running_all1
826,#justdoit,running_all1
827,#justdoit,HenryHoward
828,#justdoit,marathonnewsjp
829,#justdoit,TahitinuiTV
830,#justdoit,running_all1
831,#justdoit,FBBCBurbank
832,#justdoit,BaruchProForum
833,#justdoit,DizRuns
834,#justdoit,neilson_jobs
835,#justdoit,MelanieDelmas
836,#justdoit,Runners_Connect
837,#justdoit,Lucius_Cato
838,#justdoit,ExcellentCouple
839,#justdoit,Worldcuptour
840,#justdoit,running_all1
841,#justdoit,running_all1
842,#justdoit,HenryHoward
843,#justdoit,marathonnewsjp
844,#justdoit,TahitinuiTV
845,#justdoit,running_all1
846,#justdoit,FBBCBurbank
847,#justdoit,BaruchProForum
848,#justdoit,DizRuns
849,#justdoit,neilson_jobs
850,#justdoit,MelanieDelmas
851,#justdoit,Runners_Connect
852,#justdoit,Lucius_Cato
853,#justdoit,ExcellentCouple
854,#justdoit,Worldcuptour
855,#justdoit,running_all1
856,#justdoit,running_all1
857,#justdoit,HenryHoward
858,#justdoit,marathonnewsjp
859,#justdoit,TahitinuiTV
860,#justdoit,running_all1
861,#justdoit,FBBCBurbank
862,#justdoit,BaruchProForum
863,#justdoit,DizRuns
864,#justdoit,neilson_jobs
865,#justdoit,MelanieDelmas
866,#justdoit,Runners_Connect
867,#justdoit,Lucius_Cato
868,#justdoit,ExcellentCouple
869,#justdoit,Worldcuptour
870,#justdoit,hypeORL
871,#justdoit,marcelozouain
872,#justdoit,jmcglew13
873,#justdoit,RodolfoPeime
874,#justdoit,marcelozouain
875,#justdoit,cantukarla
876,#justdoit,MerrillMustangs
877,#justdoit,FullRunners
878,#justdoit,DrJFMir
879,#justdoit,lojasverdeblue
880,#justdoit,FootFanCarre
881,#justdoit,axy360
882,#justdoit,giophotoimaging
883,#justdoit,prof_mandia
884,#justdoit,tommygibbs5551
885,#justdoit,hypeORL
886,#justdoit,marcelozouain
887,#justdoit,jmcglew13
888,#justdoit,RodolfoPeime
889,#justdoit,marcelozouain
890,#justdoit,cantukarla
891,#justdoit,MerrillMustangs
892,#justdoit,FullRunners
893,#justdoit,DrJFMir
894,#justdoit,lojasverdeblue
895,#justdoit,FootFanCarre
896,#justdoit,axy360
897,#justdoit,giophotoimaging
898,#justdoit,prof_mandia
899,#justdoit,tommygibbs5551
900,#justdoit,hypeORL
901,#justdoit,marcelozouain
902,#justdoit,jmcglew13
903,#justdoit,RodolfoPeime
904,#justdoit,marcelozouain
905,#justdoit,cantukarla
906,#justdoit,MerrillMustangs
907,#justdoit,FullRunners
908,#justdoit,DrJFMir
909,#justdoit,lojasverdeblue
910,#justdoit,FootFanCarre
911,#justdoit,axy360
912,#justdoit,giophotoimaging
913,#justdoit,prof_mandia
914,#justdoit,tommygibbs5551
915,#justdoit,hypeORL
916,#justdoit,marcelozouain
917,#justdoit,jmcglew13
918,#justdoit,RodolfoPeime
919,#justdoit,marcelozouain
920,#justdoit,cantukarla
921,#justdoit,MerrillMustangs
922,#justdoit,FullRunners
923,#justdoit,DrJFMir
924,#justdoit,lojasverdeblue
925,#justdoit,FootFanCarre
926,#justdoit,axy360
927,#justdoit,giophotoimaging
928,#justdoit,prof_mandia
929,#justdoit,tommygibbs5551
930,#justdoit,hypeORL
931,#justdoit,marcelozouain
932,#justdoit,jmcglew13
933,#justdoit,RodolfoPeime
934,#justdoit,marcelozouain
935,#justdoit,cantukarla
936,#justdoit,MerrillMustangs
937,#justdoit,FullRunners
938,#justdoit,DrJFMir
939,#justdoit,lojasverdeblue
940,#justdoit,FootFanCarre
941,#justdoit,axy360
942,#justdoit,giophotoimaging
943,#justdoit,prof_mandia
944,#justdoit,tommygibbs5551
945,#justdoit,gobodybuildvids
946,#justdoit,She_feelinDizzy
947,#justdoit,SexyPleasurez
948,#justdoit,baraniSalman
949,#justdoit,SexyPleasurez
950,#justdoit,SexyPleasurez
951,#justdoit,jerseyguy72
952,#justdoit,jerseyguy72
953,#justdoit,fatlossmusclex
954,#justdoit,dwbermudez
955,#justdoit,SexyPleasurez
956,#justdoit,AlexRobles917
957,#justdoit,FitnessMagician
958,#justdoit,Eclout4
959,#justdoit,Beast29mode
960,#justdoit,gobodybuildvids
961,#justdoit,She_feelinDizzy
962,#justdoit,SexyPleasurez
963,#justdoit,baraniSalman
964,#justdoit,SexyPleasurez
965,#justdoit,SexyPleasurez
966,#justdoit,jerseyguy72
967,#justdoit,jerseyguy72
968,#justdoit,fatlossmusclex
969,#justdoit,dwbermudez
970,#justdoit,SexyPleasurez
971,#justdoit,AlexRobles917
972,#justdoit,FitnessMagician
973,#justdoit,Eclout4
974,#justdoit,Beast29mode
975,#justdoit,gobodybuildvids
976,#justdoit,She_feelinDizzy
977,#justdoit,SexyPleasurez
978,#justdoit,baraniSalman
979,#justdoit,SexyPleasurez
980,#justdoit,SexyPleasurez
981,#justdoit,jerseyguy72
982,#justdoit,jerseyguy72
983,#justdoit,fatlossmusclex
984,#justdoit,dwbermudez
985,#justdoit,SexyPleasurez
986,#justdoit,AlexRobles917
987,#justdoit,FitnessMagician
988,#justdoit,Eclout4
989,#justdoit,Beast29mode
990,#justdoit,gobodybuildvids
991,#justdoit,She_feelinDizzy
992,#justdoit,SexyPleasurez
993,#justdoit,baraniSalman
994,#justdoit,SexyPleasurez
995,#justdoit,SexyPleasurez
996,#justdoit,jerseyguy72
997,#justdoit,jerseyguy72
998,#justdoit,fatlossmusclex
999,#justdoit,dwbermudez
1000,#justdoit,SexyPleasurez
1001,#justdoit,AlexRobles917
1002,#justdoit,FitnessMagician
1003,#justdoit,Eclout4
1004,#justdoit,Beast29mode
1005,#justdoit,gobodybuildvids
1006,#justdoit,She_feelinDizzy
1007,#justdoit,SexyPleasurez
1008,#justdoit,baraniSalman
1009,#justdoit,SexyPleasurez
1010,#justdoit,SexyPleasurez
1011,#justdoit,jerseyguy72
1012,#justdoit,jerseyguy72
1013,#justdoit,fatlossmusclex
1014,#justdoit,dwbermudez
1015,#justdoit,SexyPleasurez
1016,#justdoit,AlexRobles917
1017,#justdoit,FitnessMagician
1018,#justdoit,Eclout4
1019,#justdoit,Beast29mode
1020,#justdoit,SherriLMoore1
1021,#justdoit,zee972
1022,#justdoit,atl0010
1023,#justdoit,christofer_raul
1024,#justdoit,bocobuffs
1025,#justdoit,AlreadyLongGone
1026,#justdoit,peersecurity
1027,#justdoit,SynTheIntrovert
1028,#justdoit,JordiCanel
1029,#justdoit,askdrmemo
1030,#justdoit,FearlessDiva03
1031,#justdoit,HMPhotography69
1032,#justdoit,SherriLMoore1
1033,#justdoit,zee972
1034,#justdoit,atl0010
1035,#justdoit,christofer_raul
1036,#justdoit,bocobuffs
1037,#justdoit,AlreadyLongGone
1038,#justdoit,peersecurity
1039,#justdoit,SynTheIntrovert
1040,#justdoit,JordiCanel
1041,#justdoit,askdrmemo
1042,#justdoit,FearlessDiva03
1043,#justdoit,HMPhotography69
1044,#justdoit,SherriLMoore1
1045,#justdoit,zee972
1046,#justdoit,atl0010
1047,#justdoit,christofer_raul
1048,#justdoit,bocobuffs
1049,#justdoit,AlreadyLongGone
1050,#justdoit,peersecurity
1051,#justdoit,SynTheIntrovert
1052,#justdoit,JordiCanel
1053,#justdoit,askdrmemo
1054,#justdoit,FearlessDiva03
1055,#justdoit,HMPhotography69
1056,#justdoit,SherriLMoore1
1057,#justdoit,zee972
1058,#justdoit,atl0010
1059,#justdoit,christofer_raul
1060,#justdoit,bocobuffs
1061,#justdoit,AlreadyLongGone
1062,#justdoit,peersecurity
1063,#justdoit,SynTheIntrovert
1064,#justdoit,JordiCanel
1065,#justdoit,askdrmemo
1066,#justdoit,FearlessDiva03
1067,#justdoit,HMPhotography69
1068,#justdoit,SherriLMoore1
1069,#justdoit,zee972
1070,#justdoit,atl0010
1071,#justdoit,christofer_raul
1072,#justdoit,bocobuffs
1073,#justdoit,AlreadyLongGone
1074,#justdoit,peersecurity
1075,#justdoit,SynTheIntrovert
1076,#justdoit,JordiCanel
1077,#justdoit,askdrmemo
1078,#justdoit,FearlessDiva03
1079,#justdoit,HMPhotography69
1080,#justdoit,janew226
1081,#justdoit,Julian_Pabon8
1082,#justdoit,Adolfo_Amaris7
1083,#justdoit,Alirio_Bravo9
1084,#justdoit,Imported_Fun
1085,#justdoit,Gabriel228g
1086,#justdoit,Guadalupe54e
1087,#justdoit,Recruit4u
1088,#justdoit,BupeNgoy
1089,#justdoit,JuandaPNL
1090,#justdoit,Alejandro64a
1091,#justdoit,platinumking
1092,#justdoit,dave_ellington
1093,#justdoit,richpayneonline
1094,#justdoit,Joanne_BearXD
1095,#justdoit,janew226
1096,#justdoit,Julian_Pabon8
1097,#justdoit,Adolfo_Amaris7
1098,#justdoit,Alirio_Bravo9
1099,#justdoit,Imported_Fun
1100,#justdoit,Gabriel228g
1101,#justdoit,Guadalupe54e
1102,#justdoit,Recruit4u
1103,#justdoit,BupeNgoy
1104,#justdoit,JuandaPNL
1105,#justdoit,Alejandro64a
1106,#justdoit,platinumking
1107,#justdoit,dave_ellington
1108,#justdoit,richpayneonline
1109,#justdoit,Joanne_BearXD
1110,#justdoit,janew226
1111,#justdoit,Julian_Pabon8
1112,#justdoit,Adolfo_Amaris7
1113,#justdoit,Alirio_Bravo9
1114,#justdoit,Imported_Fun
1115,#justdoit,Gabriel228g
1116,#justdoit,Guadalupe54e
1117,#justdoit,Recruit4u
1118,#justdoit,BupeNgoy
1119,#justdoit,JuandaPNL
1120,#justdoit,Alejandro64a
1121,#justdoit,platinumking
1122,#justdoit,dave_ellington
1123,#justdoit,richpayneonline
1124,#justdoit,Joanne_BearXD
1125,#justdoit,janew226
1126,#justdoit,Julian_Pabon8
1127,#justdoit,Adolfo_Amaris7
1128,#justdoit,Alirio_Bravo9
1129,#justdoit,Imported_Fun
1130,#justdoit,Gabriel228g
1131,#justdoit,Guadalupe54e
1132,#justdoit,Recruit4u
1133,#justdoit,BupeNgoy
1134,#justdoit,JuandaPNL
1135,#justdoit,Alejandro64a
1136,#justdoit,platinumking
1137,#justdoit,dave_ellington
1138,#justdoit,richpayneonline
1139,#justdoit,Joanne_BearXD
1140,#justdoit,janew226
1141,#justdoit,Julian_Pabon8
1142,#justdoit,Adolfo_Amaris7
1143,#justdoit,Alirio_Bravo9
1144,#justdoit,Imported_Fun
1145,#justdoit,Gabriel228g
1146,#justdoit,Guadalupe54e
1147,#justdoit,Recruit4u
1148,#justdoit,BupeNgoy
1149,#justdoit,JuandaPNL
1150,#justdoit,Alejandro64a
1151,#justdoit,platinumking
1152,#justdoit,dave_ellington
1153,#justdoit,richpayneonline
1154,#justdoit,Joanne_BearXD
1155,#justdoit,Leanddro
1156,#justdoit,theflaggirl
1157,#justdoit,MessyAfroPuff
1158,#justdoit,run_write_vinyl
1159,#justdoit,jmcglew13
1160,#justdoit,alexsandoval014
1161,#justdoit,EndtheYoYo
1162,#justdoit,josemarcel
1163,#justdoit,TheSoleLibrary
1164,#justdoit,ItsFullofMemori
1165,#justdoit,itscomp1
1166,#justdoit,theturasatana
1167,#justdoit,MHealthMatterS
1168,#justdoit,PepperPepspole
1169,#justdoit,SiahColdAsf
1170,#justdoit,Leanddro
1171,#justdoit,theflaggirl
1172,#justdoit,MessyAfroPuff
1173,#justdoit,run_write_vinyl
1174,#justdoit,jmcglew13
1175,#justdoit,alexsandoval014
1176,#justdoit,EndtheYoYo
1177,#justdoit,josemarcel
1178,#justdoit,TheSoleLibrary
1179,#justdoit,ItsFullofMemori
1180,#justdoit,itscomp1
1181,#justdoit,theturasatana
1182,#justdoit,MHealthMatterS
1183,#justdoit,PepperPepspole
1184,#justdoit,SiahColdAsf
1185,#justdoit,Leanddro
1186,#justdoit,theflaggirl
1187,#justdoit,MessyAfroPuff
1188,#justdoit,run_write_vinyl
1189,#justdoit,jmcglew13
1190,#justdoit,alexsandoval014
1191,#justdoit,EndtheYoYo
1192,#justdoit,josemarcel
1193,#justdoit,TheSoleLibrary
1194,#justdoit,ItsFullofMemori
1195,#justdoit,itscomp1
1196,#justdoit,theturasatana
1197,#justdoit,MHealthMatterS
1198,#justdoit,PepperPepspole
1199,#justdoit,SiahColdAsf
1200,#justdoit,Leanddro
1201,#justdoit,theflaggirl
1202,#justdoit,MessyAfroPuff
1203,#justdoit,run_write_vinyl
1204,#justdoit,jmcglew13
1205,#justdoit,alexsandoval014
1206,#justdoit,EndtheYoYo
1207,#justdoit,josemarcel
1208,#justdoit,TheSoleLibrary
1209,#justdoit,ItsFullofMemori
1210,#justdoit,itscomp1
1211,#justdoit,theturasatana
1212,#justdoit,MHealthMatterS
1213,#justdoit,PepperPepspole
1214,#justdoit,SiahColdAsf
1215,#justdoit,Leanddro
1216,#justdoit,theflaggirl
1217,#justdoit,MessyAfroPuff
1218,#justdoit,run_write_vinyl
1219,#justdoit,jmcglew13
1220,#justdoit,alexsandoval014
1221,#justdoit,EndtheYoYo
1222,#justdoit,josemarcel
1223,#justdoit,TheSoleLibrary
1224,#justdoit,ItsFullofMemori
1225,#justdoit,itscomp1
1226,#justdoit,theturasatana
1227,#justdoit,MHealthMatterS
1228,#justdoit,PepperPepspole
1229,#justdoit,SiahColdAsf
